<odoo>
    <template id="theme_assets_frontend" inherit_id="website.assets_frontend">
            <xpath expr="link[last()]" position="after">
                <link href="https://cdn.jsdelivr.net/npm/bootstrap@5.0.2/dist/css/bootstrap.min.css" rel="stylesheet" integrity="sha384-EVSTQN3/azprG1Anm3QDgpJLIm9Nao0Yz1ztcQTwFspd3yD65VohhpuuCOmLASjC" crossorigin="anonymous"/>
			</xpath>
		</template>
    <template id="assets_frontend" inherit_id="website_sale.assets_frontend">
        <xpath expr="//script[last()]" position="after">
            <script type="text/javascript" src="/select_invoice_from_website/static/src/js/website_sale.js"/>
            <script type="text/javascript" src="/select_invoice_from_website/static/src/js/ubigeo.js"/>
        </xpath>
    </template>
</odoo>