<odoo>
    <template id="checkout_select_invoice_type" inherit_id="website_sale.address">
        <!-- <xpath expr="//div[hasclass('form-row')]" position="before">
            <div class="d-flex flex-row  pt-2  pb-2">
                <span class="pr-4"><b>Tipo de Comprobante</b></span>
                <div class="form-check pr-4">
                    <input class="form-check-input" type="radio" name="invoice_type_code" value="01"/>
                    <label class="form-check-label" for="Factura Electrónica" style="font-weight:100 !important">
                        Factura Electrónica
                    </label>
                </div>
                <div class="form-check">
                    <input class="form-check-input" type="radio" name="invoice_type_code"  value="03" checked="1"/>
                    <label class="form-check-label" for="Boleta Electrónica" style="font-weight:100 !important">
                        Boleta Electrónica
                    </label>
                </div>
            </div>
        </xpath> -->
        
        <xpath expr="//input[@name='field_required']" position="attributes">
            <!-- <attribute name="t-att-value">'phone,name,l10n_latam_identification_type_id,invoice_type_code,vat'</attribute> -->
            <attribute name="t-att-value">'phone,name,l10n_latam_identification_type_id,vat'</attribute>
        </xpath>

        <xpath expr="//div[contains(@t-attf-class,'div_street')]/label" position="attributes">
            <attribute name="class">col-form-label label-optional</attribute>
        </xpath>
        <xpath expr="//div[contains(@t-attf-class,'div_street2')]" position="attributes">
            <attribute name="style">display:none</attribute>
        </xpath>
        <xpath expr="//div[contains(@t-attf-class,'div_city')]" position="attributes">
            <attribute name="style">display:none</attribute>
        </xpath>
        <xpath expr="//t[contains(@t-set,'zip_city')]" position="attributes">
            <attribute name="t-value">[]</attribute>
        </xpath>
    </template>

    <template id="cart_summary" inherit_id="website_sale.cart_summary">
        <xpath expr="//div[hasclass('card')]" position="before">
            <div class="d-flex flex-row  pt-4  pb-3 align-items-center">
                <span class="pr-4"><b>Tipo de Comprobante</b></span>
                <t t-if="website_sale_order.state =='draft'">
                    <div class="d-flex flex-column">
                        <div class="form-check">
                            <input class="form-check-input" type="radio" name="invoice_type_code" value="01" t-att-checked="website_sale_order.invoice_type_code =='01'" disabled="1"/>
                            <label class="form-check-label" for="Factura Electrónica" style="font-weight:100 !important">
                                Factura Electrónica
                            </label>
                        </div>
                        <div class="form-check">
                            <input class="form-check-input" type="radio" name="invoice_type_code" value="03" t-att-checked="website_sale_order.invoice_type_code =='03'" disabled="1"/>
                            <label class="form-check-label" for="Boleta Electrónica" style="font-weight:100 !important">
                                Boleta Electrónica
                            </label>
                        </div>
                    </div>
                </t>
                <t t-else="">
                    <span t-if="website_sale_order.invoice_type_code =='03'">Boleta Electrónica</span>
                    <span t-if="website_sale_order.invoice_type_code =='01'">Factura Electrónica</span>
                </t>
            </div>
        </xpath>
    </template>

   <template id="website_sale.address_b2b" inherit_id="website_sale.address" name="Show b2b fields" customize_show="True">
        <xpath expr="//div[@id='div_phone']" position="after">
            <div class="col-12">
                <label class="col-form-label" for="vat">Tipo de documento de identidad </label>
                <div class="form-group d-flex flex-row justify-content-between flex-wrap">
                    <t t-foreach="request.env['l10n_latam.identification.type'].sudo().search([])" t-as="idt">
                        <div class="form-check pt-2">
                            <input class="form-check-input" type="radio" name="l10n_latam_identification_type_id" t-att-id="idt.name" t-att-value="idt.id" t-att-data-itc="idt.l10n_pe_vat_code" t-att-checked="'l10n_latam_identification_type_id' in checkout and checkout['l10n_latam_identification_type_id'] == idt.id or idt.name=='DNI'" />
                            <label class="form-check-label" t-att-for="idt.name" style="font-weight:100 !important">
                                <t t-esc="idt.name"/>
                            </label>
                        </div>
                    </t>
                </div>
            </div>
            <!-- <div class="w-100 pt-2"/> -->
            <t t-if="mode == ('new', 'billing') or (mode == ('edit', 'billing') and (can_edit_vat or 'vat' in checkout and checkout['vat']))">
                <div t-attf-class="form-group #{error.get('vat') and 'o_has_error' or ''} col-lg-6 div_vat">
                    <label class="col-form-label " for="vat">Número de documento </label>
                    <input type="text" name="vat" 
                            t-attf-class="form-control #{error.get('vat') and 'is-invalid' or ''}"
                            t-att-value="'vat' in checkout and checkout['vat']" t-att-readonly="'1' if 'vat' in checkout and checkout['vat'] and not can_edit_vat else None" t-att-title="'Changing VAT number is not allowed once document(s) have been issued for your account. Please contact us directly for this operation.' if 'vat' in checkout and checkout['vat'] and not can_edit_vat else None" />
                </div>
                <div t-attf-class="form-group #{error.get('company_name') and 'o_has_error' or ''} col-lg-6 div_company">
                    <label class="col-form-label label-optional" for="company_name">Nombre de empresa o razón social</label>
                    <input type="text" name="company_name" 
                            t-attf-class="form-control #{error.get('company_name') and 'is-invalid' or ''}" 
                            t-att-value="'commercial_company_name' in checkout and checkout['commercial_company_name'] or 'company_name' in checkout and checkout['company_name']" 
                            t-att-readonly="'1' if 'vat' in checkout and checkout['vat'] and not can_edit_vat else None" 
                            t-att-title="'Changing company name is not allowed once document(s) have been issued for your account. Please contact us directly for this operation.' if 'vat' in checkout and checkout['vat'] and not can_edit_vat else None" />
                </div>
            </t>
        </xpath>
        <xpath expr="//div[contains(@t-attf-class, 'div_country')]" position="replace">
            <!--div t-attf-class="form-group #{error.get('country_id') and 'o_has_error' or ''} col-lg-6 div_country">
                <label class="col-form-label label-optional" for="country_id">País</label>
                <t t-if="not country.exists()">
                    <t t-set="country" t-value="website_sale_order.sudo().company_id.country_id"/>
                </t>
                <input name="country_id" id="country_id" class="d-none" t-att-value="country.id"/>
                <input name="country_name" class="d-none" t-attf-class="form-control #{error.get('country_id') and 'is-invalid' or ''}" t-att-value="country.name"/>
            </div-->
            <div class="col-md-3 pt-3">
                <div class="form-floating pais">
                    <select class="form-select" id="country" aria-label="Floating label select" required="">
                        <option selected="" disabled="">Seleccionar</option>
                        <option>Perú</option>
                    </select>
                    <label for="country" class="form-label">País</label>
                </div>
                <div class="invalid-feedback">
                    Please select a valid country.
                </div>
            </div>
        </xpath>
        <xpath expr="//div[contains(@t-attf-class, 'div_state')]" position="replace">
            <!--div t-attf-class="form-group #{error.get('state_id') and 'o_has_error' or ''} col-lg-6 div_state" t-att-style="(not country or not country.state_ids) and 'display: none'">
                <label class="col-form-label label-optional" for="state_id">Departamento / Ciudad</label>
                <input name="state_id" class="d-none"/>
                <input name="state_name" t-attf-class="form-control #{error.get('state_id') and 'is-invalid' or ''}"/>
            </div-->
            <div class="col-md-3 pt-3">
                <div class="form-floating departamento">
                    <select class="form-select" id="departamento" aria-label="Floating label select" required="">
                        <option selected="" disabled="">Seleccionar</option>
                        <t t-foreach="departamentos" t-as="departamento">
                            <option t-att-value="departamento.id">
                                <t t-esc="departamento.name"/>
                            </option>
                        </t>
                    </select>
                    <label for="departamento" class="form-label">Departamento</label>
                </div>
                <div class="invalid-feedback">
                    Please select a valid department.
                </div>
            </div>
            <div class="col-md-3 pt-3">
                <div class="form-floating">
                    <select class="form-select" id="provincia" aria-label="Floating label select" required="">
                        <option selected="" disabled="">Seleccionar</option>
                    </select>
                    <label for="provincia" class="form-label">Provincia</label>
                </div>
                <div class="invalid-feedback">
                    Please provide a valid state.
                </div>
            </div>
            <div class="col-md-3 pt-3">
                <div class="form-floating">
                    <select class="form-select" id="distrito" aria-label="Floating label select" required="">
                        <option selected="" disabled="">Seleccionar</option>
                    </select>
                    <label for="distrito" class="form-label">Distrito</label>
                </div>
                <div class="invalid-feedback">
                    Please provide a valid city.
                </div>
            </div>
        </xpath>

    </template>

    <function model="ir.model.fields" name="formbuilder_whitelist">
        <value>res.partner</value>
        <value eval="['name', 'phone', 'email','city', 'zip', 'street', 'street2', 'state_id', 'country_id','vat','l10n_latam_identification_type_id']"/>
    </function>


    <template id="total" inherit_id="website_sale.total">
        <xpath expr="//tr[@id='order_total_untaxed']/td[last()]" position="replace">
            <td class="text-xl-right border-0" >
                <span t-field="website_sale_order.total_venta_gravado" class="monetary_field" style="white-space: nowrap;" t-options="{'widget': 'monetary', 'display_currency': website_sale_order.currency_id}"/>
            </td>
        </xpath>
        <xpath expr="//tr[@id='order_total_taxes']/td[last()]" position="replace">
            <td class="text-xl-right border-0" >
                <span t-field="website_sale_order.total_igv" class="monetary_field" style="white-space: nowrap;" t-options="{'widget': 'monetary', 'display_currency': website_sale_order.currency_id}" />
            </td>
        </xpath>
    </template>
</odoo>